Ralphs,26,5727 Kanan Rd,Agoura,CA,91301
Ralphs,755,26901 Aliso Creek Rd,Aliso Viejo,CA,92656
Food 4 Less,310,1616 W Katella Ave,Anaheim,CA,92802
Ralphs,296,915 S Brookhurst St,Anaheim,CA,92804
Ralphs,135,711 S Weir Canyon Rd,Anaheim,CA,92808
Food 4 Less,782,20801 Bear Valley Rd,Apple Valley,CA,92308
Ralphs,41,211 E Foothill Blvd,Arcadia,CA,91006
Food 4 Less,309,9635 Laurel Canyon Blvd,Arleta,CA,91331
Foods Co,365,1801 White Ln,Bakersfield,CA,93304
Foods Co,384,2505 Haley St,Bakersfield,CA,93305
Food 4 Less,396,3000 Baldwin Park Blvd,Baldwin Park,CA,91706
Food 4 Less,312,580 E Virginia Way,Barstow,CA,92311
Food 4 Less,386,1691 E 6Th St,Beaumont,CA,92223
Food 4 Less,307,6901 Eastern Ave,Bell Gardens,CA,90201
Ralphs,681,42150 Washington St,Bermuda Dunes,CA,92201
Ralphs,192,305 W Imperial Hwy,Brea,CA,92821
Ralphs,193,25 E Alameda Ave,Burbank,CA,91502
Ralphs,712,1100 N San Fernando Blvd,Burbank,CA,91504
Ralphs,648,2600 W Victory Blvd,Burbank,CA,91505
Ralphs,205,4754 Commons Way,Calabasas,CA,91302
Food 4 Less,781,109 W Birch St,Calexico,CA,92231
Ralphs,741,674 Las Posas Rd,Camarillo,CA,93010
Ralphs,721,22333 Sherman Way,Canoga Park,CA,91303
Food 4 Less,326,20155 Saticoy St,Canoga Park,CA,91306
Ralphs,726,19340 Soledad Canyon Rd,Canyon Country,CA,91351
Ralphs,175,7140 Avenida Encinas,Carlsbad,CA,92011
Ralphs,256,650 E Carson St,Carson,CA,90745
Ralphs,84,29675 The Old Rd,Castaic,CA,91384
Food 4 Less,308,34251 Date Palm Dr,Cathedral City,CA,92234
Ralphs,83,13321 South St,Cerritos,CA,90703
Ralphs,710,21431 Devonshire St,Chatsworth,CA,91311
Ralphs,75,780 Otay Lakes Rd,Chula Vista,CA,91910
Food 4 Less,780,660 Palomar St,Chula Vista,CA,91911
Ralphs,235,659 E Palomar St,Chula Vista,CA,91911
Food 4 Less,517,49241 Grapefruit Blvd,Coachella,CA,92236
Food 4 Less,786,1150 N Pepper Ave,Colton,CA,92324
Food 4 Less,379,1900 W Rosecrans Ave,Compton,CA,90220
Ralphs,45,12660 Limonite Ave,Corona,CA,92880
Ralphs,136,2661 Green River Rd,Corona,CA,92882
Ralphs,33,380 E 17Th St,Costa Mesa,CA,92627
Ralphs,284,10772 Jefferson Blvd,Culver City,CA,90230
Ralphs,86,3827 Culver Ctr,Culver City,CA,90232
Ralphs,233,4033 Ball Rd,Cypress,CA,90630
Ralphs,188,24871 Del Prado,Dana Point,CA,92629
,,,,,
Ralphs,739,32555 Golden Lantern St,Dana Point,CA,92629
Ralphs,173,9200 Lakewood Blvd,Downey,CA,90240
Ralphs,295,8626 Firestone Blvd,Downey,CA,90241
Food 4 Less,778,13525 Lakewood Blvd,Downey,CA,90242
Ralphs,57,2652 Jamacha Rd,El Cajon,CA,92019
Food 4 Less,394,444 Broadway,El Cajon,CA,92021
Food 4 Less,774,2420 Cottonwood Dr,El Centro,CA,92243
Food 4 Less,338,11950 Garvey Ave,El Monte,CA,91732
Ralphs,645,500 N SEpulveda Blvd,El Segundo,CA,90245
Ralphs,168,125 N El Camino Real,Encinitas,CA,92024
Ralphs,6,17840 Ventura Blvd,Encino,CA,91316
Food 4 Less,345,644 N Broadway,Escondido,CA,92025
Ralphs,90,2417 E Valley Pkwy,Escondido,CA,92027
Food 4 Less,389,16991 Valley Blvd,Fontana,CA,92335
Ralphs,113,16225 Sierra Lakes Pkwy,Fontana,CA,92336
Ralphs,99,26751 Portola Pkwy,Foothill Ranch,CA,92610
Ralphs,59,18405 Brookhurst St,Fountain Valley,CA,92708
Foods Co,784,3657 W Shaw Ave,Fresno,CA,93711
Foods Co,339,3053 E Shields Ave,Fresno,CA,93726
Foods Co,316,4838 E Kings Canyon Rd,Fresno,CA,93727
Ralphs,67,3330 Yorba Linda Blvd,Fullerton,CA,92831
Food 4 Less,508,914 W Orangethorpe Ave,Fullerton,CA,92832
Ralphs,72,1121 N Harbor Blvd,Fullerton,CA,92832
Ralphs,71,12051 Euclid St,Garden Grove,CA,92840
Ralphs,111,2201 W Redondo Beach Blvd,Gardena,CA,90247
Food 4 Less,350,1299 W Artesia Blvd,Gardena,CA,90248
Ralphs,97,1200 N Central Ave,Glendale,CA,91202
Ralphs,60,1416 E Colorado St,Glendale,CA,91205
Ralphs,134,211 N Glendale Ave,Glendale,CA,91206
Ralphs,10,5170 Hollister Ave,Goleta,CA,93111
Ralphs,646,18010 Chatsworth St,Granada Hills,CA,91344
Ralphs,704,16940 Devonshire St,Granada Hills,CA,91344
Foods Co,520,1850 W Lacey Blvd,Hanford,CA,93230
Food 4 Less,775,12222 Carson St,Hawaiian Gardens,CA,90716
Food 4 Less,313,14500 Ocean Gate Ave,Hawthorne,CA,90250
Ralphs,269,11873 Hawthorne Blvd,Hawthorne,CA,90250
Food 4 Less,385,26529 Highland Ave,Highland,CA,92346
Ralphs,650,19081 Goldenwest St,Huntington Beach,CA,92648
Ralphs,131,5241 Warner Ave,Huntington Beach,CA,92649
Food 4 Less,321,6920 Santa Fe Ave,Huntington Park,CA,90255
Food 4 Less,765,82124 Us Highway 111,Indio,CA,92201
Ralphs,160,49908 Jefferson St,Indio,CA,92201
Ralphs,277,950 N La Brea Ave,Inglewood,CA,90302
Food 4 Less,364,3200 W Century Blvd,Inglewood,CA,90303
Ralphs,154,5345 Alton Pkwy,Irvine,CA,92604
Ralphs,161,14400 Culver Dr,Irvine,CA,92604
Ralphs,80,17605 Harvard Ave,Irvine,CA,92614
Ralphs,299,6300 Irvine Blvd,Irvine,CA,92620
Ralphs,55,521 Foothill Blvd,La Canada,CA,91011
Ralphs,1,2675 Foothill Blvd,La Crescenta,CA,91214
Ralphs,108,8657 Villa La Jolla Dr,La Jolla,CA,92037
Food 4 Less,369,1821 N Hacienda Blvd,La Puente,CA,91744
Ralphs,4,700 S Coast Hwy,Laguna Beach,CA,92651
Ralphs,223,25539 Paseo De Valencia,Laguna Hills,CA,92653
Ralphs,738,28231 Crown Valley Pkwy,Laguna Niguel,CA,92677
Ralphs,79,21751 Lake Forest Dr,Lake Forest,CA,92630
Ralphs,288,23716 El Toro Rd,Lake Forest,CA,92630
Ralphs,165,5951 Del Amo Blvd,Lakewood,CA,90713
Food 4 Less,306,44455 Valley Central Way,Lancaster,CA,93536
Food 4 Less,318,7420 Broadway,Lemon Grove,CA,91945
Foods Co,771,601 W Central Ave,Lompoc,CA,93436
Ralphs,178,6290 E Pacific Coast Hwy,Long Beach,CA,90803
Food 4 Less,762,3210 Anaheim St,Long Beach,CA,90804
Food 4 Less,317,6700 Cherry Ave,Long Beach,CA,90805
Ralphs,196,2250 E Carson St,Long Beach,CA,90807
Ralphs,251,2930 E 4Th St,Long Beach,CA,90814
Ralphs,186,1930 N Lakewood Blvd,Long Beach,CA,90815
Food 4 Less,322,1651 E 103Rd St,Los Angeles,CA,90002
Ralphs,16,670 S Western Ave,Los Angeles,CA,90005
Food 4 Less,375,1091 S Hoover St,Los Angeles,CA,90006
Food 4 Less,381,1717 S Western Ave,Los Angeles,CA,90006
Ralphs,294,2600 S Vermont Ave,Los Angeles,CA,90007
Ralphs,22,645 W 9Th St,Los Angeles,CA,90015
Ralphs,283,5080 Rodeo Rd,Los Angeles,CA,90016
Food 4 Less,770,1700 W 6Th St,Los Angeles,CA,90017
Food 4 Less,359,1748 S. Jefferson Blvd.,Los Angeles,CA,90018
Ralphs,291,4760 W Pico Blvd,Los Angeles,CA,90019
Ralphs,32,3410 W 3Rd St,Los Angeles,CA,90020
Food 4 Less,330,3654 E Olympic Blvd,Los Angeles,CA,90023
Ralphs,759,10861 Weyburn Ave.,Los Angeles,CA,90024
Ralphs,44,12057 Wilshire Blvd,Los Angeles,CA,90025
Ralphs,206,5429 Hollywood Blvd,Los Angeles,CA,90027
Food 4 Less,370,4910 Huntington Dr S,Los Angeles,CA,90032
Food 4 Less,363,2750 E 1St St,Los Angeles,CA,90033
Ralphs,39,260 S La Brea Ave,Los Angeles,CA,90036
Ralphs,289,5601 Wilshire Blvd,Los Angeles,CA,90036
Food 4 Less,344,5318 S Main St,Los Angeles,CA,90037
Food 4 Less,766,5100 N Figueroa St,Los Angeles,CA,90042
Ralphs,266,11922 S Vermont Ave,Los Angeles,CA,90044
Ralphs,185,5245 W Centinela Ave,Los Angeles,CA,90045
Ralphs,209,8824 S SEpulveda Blvd,Los Angeles,CA,90045
Ralphs,278,8701 Lincoln Blvd,Los Angeles,CA,90045
Food 4 Less,399,11407 S. Western,Los Angeles,CA,90047
Food 4 Less,777,1820 W Slauson Ave,Los Angeles,CA,90047
Ralphs,274,1730 W Manchester Ave,Los Angeles,CA,90047
Food 4 Less,378,11840 Wilmington Ave,Los Angeles,CA,90059
Ralphs,156,10309 W Olympic Blvd,Los Angeles,CA,90064
Ralphs,210,11727 W Olympic Blvd,Los Angeles,CA,90064
Ralphs,709,11361 National Blvd,Los Angeles,CA,90064
Ralphs,271,1240 Los Osos Valley Rd,Los Osos,CA,93402
Food 4 Less,324,11245 Long Beach Blvd,Lynwood,CA,90262
Ralphs,731,23841 Malibu Rd,Malibu,CA,90265
Ralphs,166,2700 N SEpulveda Blvd,Manhattan Beach,CA,90266
Ralphs,279,4700 Admiralty Way,Marina Del Rey,CA,90292
Ralphs,280,4311 Lincoln Blvd,Marina Del Rey,CA,90292
Food 4 Less,341,4400 Slauson Ave,Maywood,CA,90270
Ralphs,140,30125 Antelope Rd,Menifee,CA,92584
Ralphs,117,27730 Santa Margarita Pkwy,Mission Viejo,CA,92691
Ralphs,76,25104 Marguerite Pkwy,Mission Viejo,CA,92692
Ralphs,95,2230 S Atlantic Blvd,Monterey Park,CA,91754
Ralphs,715,330 N Atlantic Blvd,Monterey Park,CA,91754
Ralphs,723,101 W Los Angeles Ave,Moorpark,CA,93021
Food 4 Less,398,24440 Alessandro Blvd,Moreno Valley,CA,92553
Food 4 Less,302,12200 Perris Blvd,Moreno Valley,CA,92557
Ralphs,118,23801 Washington Ave,Murrieta,CA,92562
Food 4 Less,346,1320 E 30Th St,National City,CA,91950
Ralphs,729,583 N Ventu Park Rd,Newbury Park,CA,91320
Ralphs,744,2555 Eastbluff Dr,Newport Beach,CA,92660
Ralphs,745,1150 Irvine Ave,Newport Beach,CA,92660
Food 4 Less,354,16208 Parthenia St,North Hills,CA,91343
Ralphs,56,10900 Magnolia Blvd,North Hollywood,CA,91601
Food 4 Less,332,8035 Webb Ave,North Hollywood,CA,91605
Ralphs,127,19781 Rinaldi St,Northridge,CA,91326
Food 4 Less,366,10901 Imperial Hwy,Norwalk,CA,90650
Foods Co,534,10790 Macarthur Blvd,Oakland,CA,94605
Ralphs,54,101 Old Grove Rd,Oceanside,CA,92057
Ralphs,752,3075 S Archibald Ave Bldg C,Ontario,CA,91761
Food 4 Less,320,2246 S Euclid Ave,Ontario,CA,91762
Ralphs,8,1435 W Chapman Ave,Orange,CA,92868
Ralphs,190,3443 Saviers Rd,Oxnard,CA,93033
Food 4 Less,335,250 W Esplanade Dr,Oxnard,CA,93036
Ralphs,705,15120 W Sunset Blvd,Pacific Palisades,CA,90272
Food 4 Less,377,12765 Van Nuys Blvd,Pacoima,CA,91331
Ralphs,27,74884 Country Club Dr,Palm Desert,CA,92260
Ralphs,611,425 S Sunrise Way Ste A,Palm Springs,CA,92262
Ralphs,181,1733 E Palm Canyon Dr,Palm Springs,CA,92264
Food 4 Less,360,2341 E Avenue S,Palmdale,CA,93550
Food 4 Less,314,8530 Tobias Ave,Panorama City,CA,91402
Ralphs,96,160 N Lake Ave,Pasadena,CA,91101
Food 4 Less,327,1329 N Lake Ave,Pasadena,CA,91104
Ralphs,743,320 W Colorado Blvd,Pasadena,CA,91105
Ralphs,730,3601 E Foothill Blvd,Pasadena,CA,91107
Food 4 Less,315,1688 N Perris Blvd Ste E,Perris,CA,92571
Food 4 Less,336,8620 Whittier Blvd,Pico Rivera,CA,90660
Foods Co,764,300 Atlantic Ave,Pittsburg,CA,94565
Ralphs,756,710 N Rose Dr,Placentia,CA,92870
Food 4 Less,358,2090 S Garey Ave,Pomona,CA,91766
Ralphs,62,615 W Channel Islands Blvd,Port Hueneme,CA,93041
Ralphs,717,7243 Haven Ave,Rancho Cucamonga,CA,91701
Ralphs,13,7369 Milliken Ave,Rancho Cucamonga,CA,91730
Food 4 Less,328,12879 Foothill Blvd,Rancho Cucamonga,CA,91739
Ralphs,700,12201 Highland Ave,Rancho Cucamonga,CA,91739
Ralphs,720,30019 Hawthorne Blvd,Rancho Palos Verdes,CA,90275
Ralphs,78,,31481 Santa Margarita Pkwy. Rancho Santa MargaritCA,,92688
Food 4 Less,311,2070 W Redlands Blvd,Redlands,CA,92373
Ralphs,120,1413 Hawthorne Blvd,Redondo Beach,CA,90278
Food 4 Less,348,18318 Vanowen St.,Reseda,CA,91335
Food 4 Less,303,1410 W Foothill Blvd,Rialto,CA,92376
Foods Co,352,1250 Macdonald Ave,Richmond,CA,94801
Food 4 Less,343,4250 Van Buren Blvd,Riverside,CA,92503
Ralphs,98,3350 La Sierra Ave,Riverside,CA,92503
Ralphs,144,6155 Magnolia Ave,Riverside,CA,92506
Food 4 Less,329,3900 Chicago Ave,Riverside,CA,92507
Ralphs,609,5225 Canyon Crest Dr,Riverside,CA,92507
Foods Co,501,5330 Stockton Blvd,Sacramento,CA,95820
Foods Co,532,7421 W Stockton Blvd,Sacramento,CA,95823
Foods Co,371,8122 Gerber Rd,Sacramento,CA,95828
Foods Co,355,3625 Northgate Blvd,Sacramento,CA,95834
Foods Co,769,1030 E Alisal St,Salinas,CA,93905
Food 4 Less,301,555 W 2Nd St Ste A,San Bernardino,CA,92401
Ralphs,753,4444 University Pkwy,San Bernardino,CA,92407
Ralphs,221,903 El Camino Real,San Clemente,CA,92672
Ralphs,15,638 Camino De Los Mares,San Clemente,CA,92673
Ralphs,287,811 Avenida Talega,San Clemente,CA,92673
Ralphs,123,101 G St,San Diego,CA,92101
Ralphs,51,1030 University Ave,San Diego,CA,92103
Ralphs,212,1666 Rosecrans,San Diego,CA,92106
Food 4 Less,333,7730 Hazard Center Dr,San Diego,CA,92108
Ralphs,77,5680 Mission Center Rd,San Diego,CA,92108
Ralphs,207,4315 Mission Blvd,San Diego,CA,92109
Ralphs,201,3345 Sports Arena Blvd,San Diego,CA,92110
Food 4 Less,347,4995 Shawline St,San Diego,CA,92111
Food 4 Less,763,312 Euclid Ave,San Diego,CA,92114
Food 4 Less,374,5975 University Ave,San Diego,CA,92115
Ralphs,220,6670 Montezuma Rd,San Diego,CA,92115
Ralphs,105,10525 4S Commons Dr,San Diego,CA,92127
Ralphs,19,11875 Carmel Mountain Rd,San Diego,CA,92128
Ralphs,167,3455 Del Mar Heights Rd,San Diego,CA,92130
Ralphs,159,3011 Alta View Dr,San Diego,CA,92139
Foods Co,357,1800 Folsom St,San Francisco,CA,94103
Foods Co,351,345 Williams Ave,San Francisco,CA,94124
Ralphs,656,201 Madonna Rd,San Luis Obispo,CA,93405
Ralphs,683,306 S Twin Oaks Valley Rd,San Marcos,CA,92078
Ralphs,87,1050 N Western Ave,San Pedro,CA,90732
Food 4 Less,382,315 E 1St St,Santa Ana,CA,92701
Food 4 Less,340,2140 S Bristol St,Santa Ana,CA,92704
Ralphs,680,100 W Carrillo St,Santa Barbara,CA,93101
Food 4 Less,376,19200 Soledad Canyon Rd,Santa Clarita,CA,91351
Foods Co,779,1465 S Broadway,Santa Maria,CA,93454
Ralphs,292,1644 Cloverfield Blvd,Santa Monica,CA,90404
Food 4 Less,349,9430 Cuyamaca St,Santee,CA,92071
Ralphs,604,12470 SEal Beach Blvd,Seal Beach,CA,90740
Ralphs,702,14440 Burbank Blvd,Sherman Oaks,CA,91401
Ralphs,222,14049 Ventura Blvd.,Sherman Oaks,CA,91423
Food 4 Less,772,1600 E Willow St,Signal Hill,CA,90755
Ralphs,52,2726 E Los Angeles Ave,Simi Valley,CA,93065
Foods Co,387,2443 H Dela Rosa Sr St,Soledad,CA,93960
Ralphs,21,1745 Garfield Ave,South Pasadena,CA,91030
Food 4 Less,518,7910 Katella Ave,Stanton,CA,90680
Ralphs,757,24975 Pico Canyon Rd,Stevenson Ranch,CA,91381
Ralphs,133,10901 Ventura Blvd,Studio City,CA,91604
Ralphs,701,12842 Ventura Blvd,Studio City,CA,91604
Ralphs,17,8325 Laurel Canyon Blvd,Sun Valley,CA,91352
Ralphs,49,10455 Sunland Blvd,Sunland,CA,91040
Food 4 Less,767,12689 Glenoaks Blvd.,Sylmar,CA,91342
Food 4 Less,319,26419 Ynez Rd,Temecula,CA,92591
Ralphs,686,33145 Temecula Pkwy,Temecula,CA,92592
Ralphs,53,9470 Las Tunas Dr,Temple City,CA,91780
Ralphs,620,1500 N Moorpark Rd,Thousand Oaks,CA,91360
Ralphs,132,1770 W Carson St,Torrance,CA,90501
Food 4 Less,368,851 SEpulveda Blvd,Torrance,CA,90502
Ralphs,88,5035 Pacific Coast Hwy,Torrance,CA,90505
Ralphs,110,3455 SEpulveda Blvd,Torrance,CA,90505
Ralphs,728,2909 Rolling Hills Rd,Torrance,CA,90505
Foods Co,783,1210 E Prosperity Ave,Tulare,CA,93274
Ralphs,139,13321 Jamboree Rd,Tustin,CA,92782
Ralphs,147,27760 Mcbean Pkwy,Valencia,CA,91354
Ralphs,727,25930 Mcbean Pkwy,Valencia,CA,91355
Ralphs,47,7221 Woodman Ave,Van Nuys,CA,91405
Food 4 Less,323,16530 Sherman Way,Van Nuys,CA,91406
Ralphs,189,17250 Saticoy St,Van Nuys,CA,91406
Ralphs,63,12921 Magnolia Blvd,Van Nuys,CA,91423
Ralphs,281,910 Lincoln Blvd,Venice,CA,90291
Ralphs,664,1776 S Victoria Ave,Ventura,CA,93003
Food 4 Less,305,16266 Bear Valley Rd,Victorville,CA,92392
Food 4 Less,397,14738 La Paz Dr,Victorville,CA,92392
Ralphs,68,17801 Santiago Blvd,Villa Park,CA,92861
Food 4 Less,300,500 Hacienda Dr,Vista,CA,92083
Food 4 Less,337,615 N Azusa Ave,West Covina,CA,91791
Ralphs,213,22915 Victory Blvd,West Hills,CA,91307
Ralphs,293,1233 N La Brea Ave,West Hollywood,CA,90038
Ralphs,100,7257 W Sunset Blvd,West Hollywood,CA,90046
Ralphs,724,9040 Beverly Blvd,West Hollywood,CA,90048
Ralphs,9,3963 E Thousand Oaks Blvd,Westlake Village,CA,91362
Ralphs,245,11825 Whittier Blvd,Whittier,CA,90601
Food 4 Less,761,13413 Telegraph Rd,Whittier,CA,90605
Ralphs,64,14919 Whittier Blvd,Whittier,CA,90605
Food 4 Less,383,7810 Norwalk Blvd,Whittier,CA,90606
Food 4 Less,760,336 W Anaheim St,Wilmington,CA,90744
Ralphs,70,20060 Ventura Blvd,Woodland Hills,CA,91364
Ralphs,81,21909 Ventura Blvd,Woodland Hills,CA,91364