3377,2823 W VALENCIA RD,TUCSON,AZ,85746-8034,(520) 908-2556
3884,3435 E BROADWAY BLVD,TUCSON,AZ,85716-5410,(520) 917-1655
4473,2175 W RUTHRAUFF RD,TUCSON,AZ,85705-1241,(520) 292-2542
4490,2565 E COMMERCE CENTER PL,TUCSON,AZ,85706-4535,(520) 837-0750
4603,5500 E 22ND ST,TUCSON,AZ,85711-5523,(520) 745-0267
5031,8280 N CORTARO RD,TUCSON,AZ,85743-9393,(520) 744-3652
5626,1260 E TUCSON MARKETPLACE BLVD,TUCSON,AZ,85713-6508,(520) 917-0108
5725,831 E FORT LOWELL ROAD,TUCSON,AZ,85719-0000,(520) 719-6349
5799,2711 S HOUGHTON RD,TUCSON,AZ,85730-3104,(520) 918-0087
5858,9260 S HOUGHTON RD,TUCSON,AZ,85747-9732,(520) 329-6674
1328,700 MIKES PIKE ST,WINSLOW,AZ,86047-2400,(928) 289-4641
1474,2900 S PACIFIC AVE,YUMA,AZ,85365-3500,(928) 344-0992
4325,8151 E 32ND ST,YUMA,AZ,85365-8401,(928) 344-5974
5342,2501 S AVENUE B,YUMA,AZ,85364-7734,(928) 317-2776
7320,2675 W 8TH ST,YUMA,AZ,85364-3098,(928) 261-4120
1651,7011 MAIN ST,AMERICAN CANYON,CA,94503-1169,(707) 557-4393
2242,440 N EUCLID ST,ANAHEIM,CA,92801-5505,(714) 491-0744
3101,121 N BEACH BLVD,ANAHEIM,CA,92801-0000,(714) 822-3179
5640,1120 S ANAHEIM BLVD,ANAHEIM,CA,92805-5810,(657) 208-5201
5930,88 E ORANGETHORPE AVE,ANAHEIM,CA,92801-1206,(714) 447-6751
5133,5000 RHONDA RD,ANDERSON,CA,96007-9010,(530) 378-0244
1881,7901 WATT AVE,ANTELOPE,CA,95843-2025,(916) 332-3173
2697,4893 LONE TREE WAY,ANTIOCH,CA,94531-8553,(925) 755-0900
2333,20251 HWY 18,APPLE VALLEY,CA,92307-2953,(760) 946-2030
2556,1168 W BRANCH ST,ARROYO GRANDE,CA,93420-1906,(805) 474-0800
5890,800 COMMERCE AVE,ATWATER,CA,95301-5217,(209) 676-3087
1574,6225 COLONY ST,BAKERSFIELD,CA,93307-6538,(661) 398-7297
1624,2601 FASHION PLACE,BAKERSFIELD,CA,93306-3027,(661) 873-7120
2557,8400 ROSEDALE HWY,BAKERSFIELD,CA,93312-2151,(661) 588-2097
3138,5625 CALLOWAY DR,BAKERSFIELD,CA,93312-9726,(661) 368-7065
3139,1249 ALLEN RD,BAKERSFIELD,CA,93314-9748,(661) 535-6373
3140,3111 NORTH CHESTER,BAKERSFIELD,CA,93308-0000,(661) 368-7010
3141,5037 E BRUNDAGE LN,BAKERSFIELD,CA,93307-2907,(661) 448-8147
5134,5075 GOSFORD RD,BAKERSFIELD,CA,93313-4993,(661) 282-3099
3522,3250 BIG DALTON AVE,BALDWIN PARK,CA,91706-5107,(626) 814-2235
1879,301 MONTARA RD,BARSTOW,CA,92311-5708,(760) 252-5000
5156,1540 E 2ND ST,BEAUMONT,CA,92223-3101,(951) 845-1529
5335,250 WILDCAT DR,BRAWLEY,CA,92227-9654,(760) 351-0186
2523,2595 E IMPERIAL HWY,BREA,CA,92821-6129,(714) 529-0596
5032,8450 LA PALMA AVE,BUENA PARK,CA,90620-3210,(714) 484-8668
5686,1301 N VICTORY PL,BURBANK,CA,91502-1649,(747) 261-7243
1859,2540 ROCKWOOD AVE,CALEXICO,CA,92231-4406,(760) 768-5013
5664,275 WEST VENTURA BLVD,CAMARILLO,CA,93010-8359,(805) 233-3378
5981,6005 MADISON AVE,CARMICHAEL,CA,95608-0521,(916) 534-1157
5602,20226 AVALON BLVD,CARSON,CA,90746-3829,(424) 233-3317
1983,3960 MITCHELL RD,CERES,CA,95307-9420,(209) 541-0253
2082,12701 TOWNE CENTER DR,CERRITOS,CA,90703-8545,(562) 924-1468
2044,2044 FOREST AVE,CHICO,CA,95928-7619,(530) 899-8760
3464,3943 GRAND AVE,CHINO,CA,91710-5440,(909) 364-1968
2291,75 NORTH BROADWAY,CHULA VISTA,CA,91910-1417,(619) 691-7945
3516,1360 EASTLAKE PKWY,CHULA VISTA,CA,91915-4116,(619) 421-3140
3947,875 E H ST,CHULA VISTA,CA,91910-7807,(619) 205-4259
5305,1150 BROADWAY,CHULA VISTA,CA,91911-2707,(619) 591-4910
3712,7010 AUBURN BLVD,CITRUS HEIGHTS,CA,95621-4342,(916) 729-8077
4759,6197 SUNRISE BLVD,CITRUS HEIGHTS,CA,95610-6834,(916) 560-0031
2251,17150 GALE AVE,CITY OF INDUSTRY,CA,91745-1809,(626) 854-1166
1979,15960 DAM RD,CLEARLAKE,CA,95422-7906,(707) 994-6881
2277,323 W SHAW AVE,CLOVIS,CA,93612-3604,(559) 297-4176
5337,1185 HERNDON AVE,CLOVIS,CA,93612-0409,(559) 321-0067
5633,1830 SHAW AVE,CLOVIS,CA,93611-0000,(559) 862-2718
2826,83053 AVENUE 48,COACHELLA,CA,92236-0000,(760) 262-8050
1692,1120 S MOUNT VERNON AVE,COLTON,CA,92324-4220,(909) 783-0497
5807,2100 N LONG BEACH BLVD,COMPTON,CA,90221-1252,(562) 295-3870
1912,479 N MCKINLEY ST,CORONA,CA,92879-1205,(951) 270-0707
2487,1560 W 6TH ST,CORONA,CA,92882-2730,(951) 393-6405
2842,1290 E ONTARIO AVE,CORONA,CA,92881-3618,(951) 278-0924
2292,1275 N AZUSA AVE,COVINA,CA,91722-1246,(626) 339-4161
1910,900 E WASHINGTON BLVD,CRESCENT CITY,CA,95531-8118,(707) 464-1198
5215,530 WOOLLOMES AVE,DELANO,CA,93215-9581,(661) 370-4061
4762,1180 S DIAMOND BAR BLVD,DIAMOND BAR,CA,91765-2203,(909) 378-4055
5394,770 W EL MONTE WAY,DINUBA,CA,93618-3493,(559) 591-0380
5139,235 E DORSET DR,DIXON,CA,95620-9232,(707) 693-6505
4132,9001 APOLLO WAY,DOWNEY,CA,90242-4033,(562) 803-3507
5603,12270 PARAMOUNT BLVD,DOWNEY,CA,90242-3549,(562) 622-4891
2401,1600 MOUNTAIN AVE,DUARTE,CA,91010-2757,(626) 359-7708
2253,13487 CAMINO CANADA,EL CAJON,CA,92021-8811,(619) 561-0828
3524,605 FLETCHER PKWY,EL CAJON,CA,92020-2522,(619) 440-2009
4169,300 NORTH SECOND STREET,EL CAJON,CA,92021-0000,(619) 219-5246
1555,2150 N WATERMAN AVE,EL CENTRO,CA,92243-1605,(760) 337-1600
1697,8465 ELK GROVE BLVD,ELK GROVE,CA,95758-9573,(916) 684-7100
5683,8455 ELK GROVE BLVD,ELK GROVE,CA,95758-9573,(916) 509-3170
5848,10075 BRUCEVILLE RD,ELK GROVE,CA,95757-9501,(916) 585-7344
5886,1550 LEUCADIA BLVD,ENCINITAS,CA,92024-2371,(760) 704-0243
3084,1266 E VALLEY PKWY,ESCONDIDO,CA,92027-2310,(760) 871-6760
5996,1330 E GRAND AVE,ESCONDIDO,CA,92027-3019,(760) 871-6622
5629,3300 BROADWAY BAYSHORE MALL,EUREKA,CA,95501-0000,(707) 832-5269
2048,2701 N TEXAS ST,FAIRFIELD,CA,94533-1204,(707) 428-4792
1760,1018 RILEY ST,FOLSOM,CA,95630-3268,(916) 983-1090
1756,17251 FOOTHILL BLVD,FONTANA,CA,92335-9044,(909) 355-6922
2218,26502 TOWNE CENTRE DR,FOOTHILL RANCH,CA,92610-2417,(949) 588-7923
2989,44009 OSGOOD RD,FREMONT,CA,94539-6403,(510) 651-3301
5426,40580 ALBRAE ST,FREMONT,CA,94538-2448,(510) 440-8060
1815,4080 W SHAW AVE,FRESNO,CA,93722-6220,(559) 277-8191
2001,5125 EAST KINGS CANYON RD,FRESNO,CA,93727-3937,(559) 252-9457
2689,3131 N CEDAR AVE,FRESNO,CA,93703-0000,(559) 538-1375
2985,7065 N INGRAM AVE,FRESNO,CA,93650-1083,(559) 431-0107
5632,1804 E ASHLAN AVE,FRESNO,CA,93726-2019,(559) 470-6967
5634,6855 N WILLOW AVE,FRESNO,CA,93710-0000,(559) 862-2062
5231,10470 TWIN CITIES RD,GALT,CA,95632-9032,(209) 744-1938
4171,11822 GILBERT ST,GARDEN GROVE,CA,92841-2720,(714) 591-1300
2002,7150 CAMINO ARROYO,GILROY,CA,95020-7347,(408) 848-8161
1941,1950 AUTO CENTER DRIVE,GLENDORA,CA,91740-6700,(909) 592-4866
5980,4080 DOUGLAS BLVD,GRANITE BAY,CA,95746-5900,(916) 380-3252
1645,250 S 12TH AVE,HANFORD,CA,93230-6176,(559) 583-6292
5604,14441 INGLEWOOD AVE,HAWTHORNE,CA,90250-6715,(424) 336-2212
1853,1231 S SANDERSON AVE,HEMET,CA,92545-9046,(951) 766-1164
5008,859 W FLORIDA AVE,HEMET,CA,92543-4070,(951) 492-3029
4340,13401 MAIN ST,HESPERIA,CA,92345-9123,(760) 948-4851
1914,4210 HIGHLAND AVE,HIGHLAND,CA,92346-2742,(909) 425-8846
2636,8230 TALBERT AVE,HUNTINGTON BEACH,CA,92646-1545,(714) 841-5390
5601,21132 BEACH BLVD,HUNTINGTON BEACH,CA,92648-5404,(714) 274-4484
2181,82-491 AVENUE 42,INDIO,CA,92203-0000,(760) 262-8004
8958,44100 JEFFERSON ST STE F,INDIO,CA,92201-2715,(760) 895-6030
5644,16555 VON KARMAN AVE,IRVINE,CA,92606-4928,(949) 623-7467
2054,10355 WICKLOW WAY,JACKSON,CA,95642-9324,(209) 223-5384
5663,8844 LIMONITE AVE,JURUPA VALLEY,CA,92509-5021,(951) 968-7218
5701,14061 W. WHITESBRIDGE AVENUE,KERMAN,CA,93630-0000,(559) 846-1200
3248,1340 S BEACH BLVD,LA HABRA,CA,90631-6374,(562) 694-2707
5641,1000 E IMPERIAL HWY,LA HABRA,CA,90631-7452,(714) 869-0530
5140,5500 GROSSMONT CENTER DR,LA MESA,CA,91942-3016,(619) 337-3655
5684,8810 GROSSMONT BLVD,LA MESA,CA,91942-9027,(619) 403-5392
5661,14865 TELEGRAPH ROAD,LA MIRADA,CA,90638-0000,(562) 567-6488
3099,5420 LA PALMA AVE,LA PALMA,CA,90623-1705,(714) 822-3152
3133,1425 N HACIENDA BLVD,LA PUENTE,CA,91744-1133,(626) 251-1877
1805,79295 US HWY 111,LA QUINTA,CA,92253-2060,(760) 564-3313
2206,27470 ALICIA PKWY,LAGUNA NIGUEL,CA,92677-3412,(949) 360-0758
2077,29260 CENTRAL AVE,LAKE ELSINORE,CA,92532-2232,(951) 245-5990
2609,2770 CARSON ST,LAKEWOOD,CA,90712-4004,(562) 429-6239
1563,44665 VALLEY CENTRAL WAY,LANCASTER,CA,93536-6500,(661) 940-8744
2951,1731 E AVENUE J,LANCASTER,CA,93535-6928,(661) 945-7848
5979,255 LINCOLN BLVD,LINCOLN,CA,95648-1880,(916) 209-5129
1972,2700 LAS POSITAS RD,LIVERMORE,CA,94551-9619,(925) 455-0215
1789,1601 S LOWER SACRAMENTO RD,LODI,CA,95242-9762,(209) 368-6696
2998,25755 BARTON RD,LOMA LINDA,CA,92354-0001,(909) 283-7239
1989,701 W CENTRAL AVE,LOMPOC,CA,93436-2829,(805) 735-9088
3477,7250 CARSON BLVD,LONG BEACH,CA,90808-2358,(562) 425-5113
4101,3705 E SOUTH ST,LONG BEACH,CA,90805-4521,(424) 296-6525
2117,1575 WEST PACHECO BLVD,LOS BANOS,CA,93635-8505,(209) 826-9655
1583,1977 W CLEVELAND AVE,MADERA,CA,93637-8705,(559) 675-9212
1840,1205 S MAIN ST,MANTECA,CA,95337-5748,(209) 824-2000
4488,150 BEACH RD,MARINA,CA,93933-2513,(831) 883-9138
3493,1021 ARNOLD DR,MARTINEZ,CA,94553-4103,(925) 313-5716
5136,1131 N BEALE RD,MARYSVILLE,CA,95901-6107,(530) 634-9751
2039,3055 LOUGHBOROUGH DR,MERCED,CA,95348-1119,(209) 384-1275
2119,301 RANCH DR,MILPITAS,CA,95035-5100,(408) 934-0304
1587,2225 PLAZA PKWY,MODESTO,CA,95350-6215,(209) 524-4733
3046,1421 COFFEE RD,MODESTO,CA,95355-3170,(209) 222-5632
5710,3848 MCHENRY AVE,MODESTO,CA,95356-1586,(209) 342-0949
5193,12721 MORENO BEACH DR,MORENO VALLEY,CA,92555-4411,(951) 242-1185
5766,170 COCHRANE PLZ,MORGAN HILL,CA,95037-2812,(408) 779-8172
2280,600 SHOWERS DR,MOUNTAIN VIEW,CA,94040-1434,(650) 917-0796
2952,41200 MURRIETA HOT SPRINGS RD,MURRIETA,CA,92562-9479,(951) 696-7135
2925,681 LINCOLN AVE,NAPA,CA,94558-3612,(707) 224-8797
5023,1200 HIGHLAND AVE,NATIONAL CITY,CA,91950-3541,(619) 336-0395
4393,4675 WATT AVE,NORTH HIGHLANDS,CA,95660-5517,(916) 621-1454
2245,705 COLLEGE BLVD,OCEANSIDE,CA,92057-6259,(760) 631-0434
2494,2100 VISTA WAY,OCEANSIDE,CA,92054-5600,(760) 966-0026
5075,3405 MARRON RD,OCEANSIDE,CA,92056-4673,(760) 730-1371
5637,1046 MISSION AVE,OCEANSIDE,CA,92054-2843,(760) 696-9906
3796,1333 N MOUNTAIN AVE,ONTARIO,CA,91762-1105,(909) 321-3165
2546,2300 N TUSTIN ST,ORANGE,CA,92865-3706,(714) 998-4473
4309,8961 GREENBACK LN,ORANGEVALE,CA,95662-4601,(916) 989-5800
1575,465 CAL OAK RD,OROVILLE,CA,95965-9621,(530) 534-1082
2032,2001 N ROSE AVE,OXNARD,CA,93036-2681,(805) 981-4884
3087,2701 SAVIERS RD,OXNARD,CA,93033-4517,(805) 200-5224
5643,421 W ESPLANADE DR,OXNARD,CA,93036-1298,(805) 604-2082
3026,72314 HIGHWAY 111,PALM DESERT,CA,92260-2747,(760) 469-3428
5096,34500 MONTERY AVENUE,PALM DESERT ( C . CITY ),CA,92260-0000,(760) 328-4375
1832,5601 E RAMON RD,PALM SPRINGS,CA,92264-3605,(760) 322-3906
1660,40130 10TH ST W,PALMDALE,CA,93551-3005,(661) 267-6496
2950,37140 47TH ST E,PALMDALE,CA,93552-4450,(661) 533-0248
5689,3875 RANCHO VISTA BOULEVARD,PALMDALE,CA,93551-2572,(661) 202-3602
2568,8333 VAN NUYS BLVD,PANORAMA CITY,CA,91402-3607,(818) 830-0350
5605,14530 NORDHOFF ST,PANORAMA CITY,CA,91402-1811,(818) 672-0142
2110,14501 LAKEWOOD BLVD,PARAMOUNT,CA,90723-3601,(562) 531-8240
2099,180 NIBLICK RD,PASO ROBLES,CA,93446-4842,(805) 238-1212
5843,1030 SPERRY AVE,PATTERSON,CA,95363-9267,(209) 895-4407
1747,1800 N PERRIS BLVD,PERRIS,CA,92571-2701,(951) 940-0440
2886,8500 WASHINGTON BLVD,PICO RIVERA,CA,90660-3788,(562) 801-2413
1615,2203 LOVERIDGE RD,PITTSBURG,CA,94565-5021,(925) 427-2022
2418,4300 MISSOURI FLAT RD,PLACERVILLE,CA,95667-6811,(530) 621-2917
2161,4501 ROSEWOOD DR,PLEASANTON,CA,94588-3079,(925) 734-8744
5611,3112 SANTA RITA RD,PLEASANTON,CA,94566-8300,(925) 398-6369
2288,80 RIO RANCHO RD,POMONA,CA,91766-4771,(909) 620-4602
3132,778 E ARROW HWY,POMONA,CA,91767-2270,(909) 962-5011
2526,19821 RINALDI ST,PORTER RANCH,CA,91326-4145,(818) 832-0643
1877,1250 W HENDERSON AVE,PORTERVILLE,CA,93257-1455,(559) 783-8195
1700,13425 COMMUNITY RD,POWAY,CA,92064-4723,(858) 486-1882
2457,10655 FOLSOM BLVD,RANCHO CORDOVA,CA,95670-4828,(916) 361-0296
1922,12549 FOOTHILL BLVD,RANCHO CUCAMONGA,CA,91739-9317,(909) 899-1441
5600,30491 AVENIDA DE LAS FLORES,RANCHO SANTA MARGARITA,CA,92688-3923,(949) 207-5070
1608,608 LUTHER ROAD,RED BLUFF,CA,96080-4360,(530) 529-5540
2537,1515 DANA DR,REDDING,CA,96003-4014,(530) 221-2800
1693,2050 W REDLANDS BLVD,REDLANDS,CA,92373-6228,(909) 798-9114
1862,1366 S RIVERSIDE AVE,RIALTO,CA,92376-7608,(909) 820-9912
3131,300 W BASE LINE RD,RIALTO,CA,92376-3347,(909) 546-3019
3455,1400 HILLTOP MALL RD,RICHMOND,CA,94806-1913,(510) 669-1342
1600,201 E BOWMAN RD,RIDGECREST,CA,93555-8243,(760) 371-4974
1899,6250 VALLEY SPRINGS PKWY,RIVERSIDE,CA,92507-0911,(951) 653-4849
2028,5200 VAN BUREN BLVD,RIVERSIDE,CA,92503-2544,(951) 689-4595
3090,5609 PACIFIC ST,ROCKLIN,CA,95677-3174,(916) 824-0104
3587,5454 CROSSINGS DR,ROCKLIN,CA,95677-3919,(916) 783-8281
1755,4625 REDWOOD DR,ROHNERT PARK,CA,94928-7941,(707) 586-3717
2468,901 GOLF COURSE DR,ROHNERT PARK,CA,94928-1800,(707) 540-9303
5154,1827 WALNUT GROVE AVE,ROSEMEAD,CA,91770-3789,(626) 307-1010
1988,900 PLEASANT GROVE BLVD,ROSEVILLE,CA,95678-6197,(916) 786-6768
4202,1400 LEAD HILL BLVD,ROSEVILLE,CA,95661-2949,(916) 724-0012
2464,8270 DELTA SHORES CIR S,SACRAMENTO,CA,95832-9101,(916) 665-1011
2598,3661 TRUXEL RD,SACRAMENTO,CA,95834-3604,(916) 928-9668
2735,6051 FLORIN RD,SACRAMENTO,CA,95823-2304,(916) 427-9719
3081,8915 GERBER ROAD,SACRAMENTO,CA,95829-0000,(916) 897-5020
5192,5821 ANTELOPE RD,SACRAMENTO,CA,95842-3902,(916) 729-6162
5982,2700 MARCONI AVE,SACRAMENTO,CA,95821-4914,(916) 576-6657
2458,1800 N MAIN ST,SALINAS,CA,93906-5183,(831) 751-0231
5751,1375 N DAVIS RD,SALINAS,CA,93907-1991,(831) 998-9080
3276,4001 HALLMARK PKWY,SAN BERNARDINO,CA,92407-1876,(909) 880-4038
2527,951 AVENIDA PICO,SAN CLEMENTE,CA,92673-3908,(949) 498-6669
2150,710 DENNERY ROAD,SAN DIEGO,CA,92154-8400,(619) 428-4000
2177,3382 MURPHY CANYON ROAD,SAN DIEGO,CA,92123-2654,(858) 571-6094
2479,3412 COLLEGE AVE,SAN DIEGO,CA,92115-7134,(619) 858-0071
5338,4840 SHAWLINE ST,SAN DIEGO,CA,92111-1400,(858) 268-2885
5638,2121 IMPERIAL AVENUE,SAN DIEGO,CA,92102-3826,(619) 849-5729
5938,575 SATURN BLVD,SAN DIEGO,CA,92154-4731,(619) 205-6140
5425,1861 S SAN JACINTO AVE,SAN JACINTO,CA,92583-5605,(951) 487-1492
2486,4080 STEVENS CREEK BLVD,SAN JOSE,CA,95129-1334,(408) 556-4505
3023,4055 EVERGREEN VILLAGE SQ STE 140,SAN JOSE,CA,95135-1764,(408) 826-0338
4174,1450 MONTEREY RD,SAN JOSE,CA,95110-3445,(408) 454-4508
5435,777 STORY RD,SAN JOSE,CA,95122-2628,(408) 885-1142
5884,5095 ALMADEN EXPY,SAN JOSE,CA,95118-2051,(408) 600-3072
2648,1919 DAVIS ST,SAN LEANDRO,CA,94577-1208,(510) 569-0200
5434,15555 HESPERIAN BLVD,SAN LEANDRO,CA,94579-1801,(510) 351-0108
3494,732 CENTER DR,SAN MARCOS,CA,92069-3535,(760) 233-8009
5610,9100 ALCOSTA BLVD,SAN RAMON,CA,94583-3857,(925) 364-9207
4238,2761 JENSEN AVE,SANGER,CA,93657-9797,(559) 875-4268
2517,3600 W MCFADDEN AVE,SANTA ANA,CA,92704-1330,(714) 775-1804
3123,3255 MISSION COLLEGE BLVD,SANTA CLARA,CA,95054-1829,(408) 961-3599
3523,26471 CARL BOYER DR,SANTA CLARITA,CA,91350-2996,(661) 259-0863
5162,27931 KELLY JOHNSON PKWY,SANTA CLARITA,CA,91355-5083,(661) 294-5211
2948,13310 TELEGRAPH RD,SANTA FE SPRINGS,CA,90670-4016,(562) 946-6343
2507,2220 S BRADLEY RD,SANTA MARIA,CA,93455-1348,(805) 349-7885
5658,2240 S BRADLEY RD,SANTA MARIA,CA,93455-1348,(805) 348-4951
5659,500 S BLOSSER RD,SANTA MARIA,CA,93458-4910,(805) 863-9145
1917,170 TOWN CENTER PARKWAY,SANTEE,CA,92071-5801,(619) 449-7900
1882,3400 FLORAL AVE,SELMA,CA,93662-9036,(559) 891-7190
2621,255 COCHRAN ST,SIMI VALLEY,CA,93065-6276,(805) 581-1666
3147,2204 TAPO ST,SIMI VALLEY,CA,93063-3022,(805) 426-6802
2030,1101 SANGUINETTI ROAD,SONORA,CA,95370-6214,(209) 533-2617
3180,4651 FIRESTONE BLVD,SOUTH GATE,CA,90280-0000,(323) 282-4800
4134,12840 BEACH BLVD,STANTON,CA,90680-4005,(714) 230-0126
2297,25450 THE OLD RD,STEVENSON RANCH,CA,91381-1704,(661) 253-1911
1554,3223 E HAMMER LN,STOCKTON,CA,95212-2815,(209) 473-2796
3022,1189 E MARCH LN,STOCKTON,CA,95210-3545,(209) 235-2047
3352,10355 TRINITY PKWY,STOCKTON,CA,95219-7243,(209) 235-0558
3708,350 WALTERS RD,SUISUN CITY,CA,94585-3043,(707) 639-4980
1616,2900 MAIN ST,SUSANVILLE,CA,96130-4730,(530) 251-2000
4317,400 TUCKER RD,TEHACHAPI,CA,93561-2578,(661) 825-2258
2708,32225 TEMECULA PKWY,TEMECULA,CA,92592-6811,(951) 506-7613
3179,512 N VENTU PARK Rd,THOUSAND OAKS,CA,91320-2709,(805) 262-3406
2226,19340 HAWTHORNE BLVD,TORRANCE,CA,90503-1506,(310) 750-1983
5072,19503 NORMANDIE AVE,TORRANCE,CA,90501-1361,(310) 782-6022
5874,22015 HAWTHORNE BLVD,TORRANCE,CA,90503-7006,(310) 750-0179
2025,3010 W GRANT LINE RD,TRACY,CA,95304-9402,(209) 836-5786
2536,1110 E PROSPERITY AVE,TULARE,CA,93274-8029,(559) 684-1300
1963,2111 FULKERTH RD,TURLOCK,CA,95380-9515,(209) 634-8543
3047,2480 GEER ROAD,TURLOCK,CA,95382-1426,(209) 226-7000
2052,1155 AIRPORT PARK BLVD,UKIAH,CA,95482-5998,(707) 468-0258
2031,30600 DYER ST,UNION CITY,CA,94587-1717,(510) 475-5915
1992,1540 W FOOTHILL BLVD,UPLAND,CA,91786-3653,(909) 920-4021
5691,1445 E FOOTHILL BLVD,UPLAND,CA,91786-4054,(909) 942-4931
1704,1501 HELEN POWER DR,VACAVILLE,CA,95687-3351,(707) 451-0166
5007,2050 NUT TREE RD,VACAVILLE,CA,95687-7108,(707) 359-3258
5608,941 ALAMO DR,VACAVILLE,CA,95687-5601,(707) 359-3180
5609,501 SERENO DR,VALLEJO,CA,94589-2460,(707) 653-1058
3650,1739 S VICTORIA AVE,VENTURA,CA,93003-6503,(805) 665-5560
1588,11896 AMARGOSA RD,VICTORVILLE,CA,92392-8133,(760) 951-5005
4392,12234 PALMDALE RD,VICTORVILLE,CA,92392-9418,(760) 493-3047
1826,1819 E NOBLE AVE,VISALIA,CA,93292-1519,(559) 636-2302
5635,1320 N DEMAREE ST,VISALIA,CA,93291-7714,(559) 429-3264
5956,3750 S MOONEY BLVD,VISALIA,CA,93277-8021,(559) 802-4429
2094,1800 UNIVERSITY DR,VISTA,CA,92083-7700,(760) 945-7995
5859,401 N CENTRAL AVE,WASCO,CA,93280-1300,(661) 772-8061
5954,"2753 E. EASTLAND CENTER DR, STE 5555",WEST COVINA,CA,91791-6620,(626) 332-4608
5152,6433 FALLBROOK AVE,WEST HILLS,CA,91307-3543,(818) 719-8602
3652,755 RIVERPOINT CT,WEST SACRAMENTO,CA,95605-1654,(916) 373-2200
2495,13331 BEACH BLVD,WESTMINSTER,CA,92683-9207,(714) 799-0020
2053,470 N AIRPORT RD,WILLOWS,CA,95988-9701,(530) 934-2054
2553,6650 HEMBREE LN,WINDSOR,CA,95492-9739,(707) 836-7200
2190,1720 E MAIN ST,WOODLAND,CA,95776-6223,(530) 668-1060
4127,215 CALIFORNIA ST,WOODLAND,CA,95695-2910,(530) 665-4638
5606,1250 E GIBSON RD,WOODLAND,CA,95776-6315,(530) 665-4306
1630,1906 FORT JONES RD,YREKA,CA,96097-9530,(530) 842-7330
1903,1150 HARTER RD,YUBA CITY,CA,95993-2642,(530) 751-0130
1915,58501 29 PALMS HWY,YUCCA VALLEY,CA,92284-5765,(760) 365-7750
869,3333 CLARK ST,ALAMOSA,CO,81101-2050,(719) 589-9071
4734,9400 RALSTON ROAD,ARVADA,CO,80002-0000,(720) 624-0346
1492,14000 E EXPOSITION AVE,AURORA,CO,80012-2538,(303) 368-1115
1689,5650 S CHAMBERS RD,AURORA,CO,80015-1132,(303) 690-6322
3740,21475 E QUINCY AVE,AURORA,CO,80015-2882,(303) 248-4048
4196,15240 E ILIFF AVE,AURORA,CO,80014-4516,(303) 481-3904
5137,6101 S AURORA PKWY,AURORA,CO,80016-5801,(303) 617-1261